{
    "confidence_score": 0.6080385446548462,
    "ptm": 0.5743788480758667,
    "iptm": 0.22133463621139526,
    "ligand_iptm": 0.0,
    "protein_iptm": 0.22133463621139526,
    "complex_plddt": 0.7047144770622253,
    "complex_iplddt": 0.6367746591567993,
    "complex_pde": 1.2119826078414917,
    "complex_ipde": 6.782978057861328,
    "chains_ptm": {
        "0": 0.9469932913780212,
        "1": 0.7759200930595398
    },
    "pair_chains_iptm": {
        "0": {
            "0": 0.9469932913780212,
            "1": 0.22133463621139526
        },
        "1": {
            "0": 0.2079390287399292,
            "1": 0.7759200930595398
        }
    }
}