{
    "confidence_score": 0.6140903830528259,
    "ptm": 0.5600149035453796,
    "iptm": 0.20742973685264587,
    "ligand_iptm": 0.0,
    "protein_iptm": 0.20742973685264587,
    "complex_plddt": 0.7157555222511292,
    "complex_iplddt": 0.7057108283042908,
    "complex_pde": 1.2755005359649658,
    "complex_ipde": 6.49510383605957,
    "chains_ptm": {
        "0": 0.9465418457984924,
        "1": 0.7726855874061584
    },
    "pair_chains_iptm": {
        "0": {
            "0": 0.9465418457984924,
            "1": 0.1722135841846466
        },
        "1": {
            "0": 0.20742973685264587,
            "1": 0.7726855874061584
        }
    }
}