{
    "confidence_score": 0.6281484961509705,
    "ptm": 0.6042443513870239,
    "iptm": 0.19895702600479126,
    "ligand_iptm": 0.0,
    "protein_iptm": 0.19895702600479126,
    "complex_plddt": 0.7354463338851929,
    "complex_iplddt": 0.6814830303192139,
    "complex_pde": 1.2537274360656738,
    "complex_ipde": 6.7913641929626465,
    "chains_ptm": {
        "0": 0.9437173008918762,
        "1": 0.8346894383430481
    },
    "pair_chains_iptm": {
        "0": {
            "0": 0.9437173008918762,
            "1": 0.18395748734474182
        },
        "1": {
            "0": 0.19895702600479126,
            "1": 0.8346894383430481
        }
    }
}