{
    "confidence_score": 0.5712898969650269,
    "ptm": 0.5233401656150818,
    "iptm": 0.15603730082511902,
    "ligand_iptm": 0.0,
    "protein_iptm": 0.15603730082511902,
    "complex_plddt": 0.6751030087471008,
    "complex_iplddt": 0.5959254503250122,
    "complex_pde": 1.521714448928833,
    "complex_ipde": 7.8125715255737305,
    "chains_ptm": {
        "0": 0.9020354747772217,
        "1": 0.7388901114463806
    },
    "pair_chains_iptm": {
        "0": {
            "0": 0.9020354747772217,
            "1": 0.1352594792842865
        },
        "1": {
            "0": 0.15603730082511902,
            "1": 0.7388901114463806
        }
    }
}